-- 0MariaDB dump 10.19  Distrib 10.11.4-MariaDB, for debian-linux-gnu (x86_64)
--
-- Host: localhost    Database: voting_appplication
-- ------------------------------------------------------
-- Server version	10.4.28-MariaDB

/*!40101 SET @OLD_CHARACTER_SET_CLIENT=@@CHARACTER_SET_CLIENT */;
/*!40101 SET @OLD_CHARACTER_SET_RESULTS=@@CHARACTER_SET_RESULTS */;
/*!40101 SET @OLD_COLLATION_CONNECTION=@@COLLATION_CONNECTION */;
/*!40101 SET NAMES utf8mb4 */;
/*!40103 SET @OLD_TIME_ZONE=@@TIME_ZONE */;
/*!40103 SET TIME_ZONE='+00:00' */;
/*!40014 SET @OLD_UNIQUE_CHECKS=@@UNIQUE_CHECKS, UNIQUE_CHECKS=0 */;
/*!40014 SET @OLD_FOREIGN_KEY_CHECKS=@@FOREIGN_KEY_CHECKS, FOREIGN_KEY_CHECKS=0 */;
/*!40101 SET @OLD_SQL_MODE=@@SQL_MODE, SQL_MODE='NO_AUTO_VALUE_ON_ZERO' */;
/*!40111 SET @OLD_SQL_NOTES=@@SQL_NOTES, SQL_NOTES=0 */;

--
-- Table structure for table `credential`
--

DROP TABLE IF EXISTS `credential`;
/*!40101 SET @saved_cs_client     = @@character_set_client */;
/*!40101 SET character_set_client = utf8 */;
CREATE TABLE `credential` (
  `id` int(11) NOT NULL AUTO_INCREMENT,
  `series_id` int(11) DEFAULT NULL,
  `content` int(10) DEFAULT NULL,
  `status` tinyint(4) NOT NULL DEFAULT 0,
  `created_at` timestamp NOT NULL DEFAULT current_timestamp(),
  PRIMARY KEY (`id`),
  KEY `series_id` (`series_id`),
  CONSTRAINT `credential_ibfk_1` FOREIGN KEY (`series_id`) REFERENCES `series` (`id`)
) ENGINE=InnoDB AUTO_INCREMENT=2921 DEFAULT CHARSET=utf8 COLLATE=utf8_unicode_ci;
/*!40101 SET character_set_client = @saved_cs_client */;

--
-- Dumping data for table `credential`
--

LOCK TABLES `credential` WRITE;
/*!40000 ALTER TABLE `credential` DISABLE KEYS */;
INSERT INTO `credential` VALUES
(2605,11,22794611,0,'2023-12-15 02:13:55'),
(2606,11,67549919,0,'2023-12-15 02:13:55'),
(2607,12,49588994,0,'2023-12-16 22:15:08'),
(2608,12,38692630,0,'2023-12-16 22:15:08'),
(2609,12,99934434,0,'2023-12-16 22:15:08'),
(2610,12,25169818,0,'2023-12-16 22:15:08'),
(2611,12,71627834,0,'2023-12-16 22:15:08'),
(2612,12,44867868,0,'2023-12-16 22:15:08'),
(2613,12,40352902,0,'2023-12-16 22:15:08'),
(2614,12,55228918,0,'2023-12-16 22:15:08'),
(2615,12,30744654,0,'2023-12-16 22:15:08'),
(2616,12,89917633,0,'2023-12-16 22:15:08'),
(2617,12,48160363,0,'2023-12-16 22:15:08'),
(2618,12,97666794,0,'2023-12-16 22:15:08'),
(2619,12,36345352,0,'2023-12-16 22:15:08'),
(2620,12,65683251,0,'2023-12-16 22:15:08'),
(2621,12,66147929,0,'2023-12-16 22:15:08'),
(2622,12,13187805,0,'2023-12-16 22:15:08'),
(2623,12,66559035,0,'2023-12-16 22:15:08'),
(2624,12,13710725,0,'2023-12-16 22:15:08'),
(2625,12,52067228,0,'2023-12-16 22:15:08'),
(2626,12,71726972,0,'2023-12-16 22:15:08'),
(2627,12,81771837,0,'2023-12-16 22:15:08'),
(2628,12,86466965,0,'2023-12-16 22:15:08'),
(2629,12,78532434,0,'2023-12-16 22:15:08'),
(2630,12,21348739,0,'2023-12-16 22:15:08'),
(2631,12,79632765,0,'2023-12-16 22:15:08'),
(2632,12,76811695,0,'2023-12-16 22:15:08'),
(2633,12,45286123,0,'2023-12-16 22:15:08'),
(2634,12,97393076,0,'2023-12-16 22:15:08'),
(2635,12,96631632,0,'2023-12-16 22:15:08'),
(2636,12,60545772,0,'2023-12-16 22:15:08'),
(2637,12,34575195,0,'2023-12-16 22:15:08'),
(2638,12,62600300,0,'2023-12-16 22:15:08'),
(2639,12,41231615,0,'2023-12-16 22:15:08'),
(2640,12,95900342,0,'2023-12-16 22:15:08'),
(2641,12,29187961,0,'2023-12-16 22:15:08'),
(2642,12,88299872,0,'2023-12-16 22:15:08'),
(2643,12,46685554,0,'2023-12-16 22:15:08'),
(2644,12,44835605,0,'2023-12-16 22:15:08'),
(2645,12,18407478,0,'2023-12-16 22:15:08'),
(2646,12,37336894,0,'2023-12-16 22:15:08'),
(2647,12,71180725,0,'2023-12-16 22:15:08'),
(2648,12,22871693,0,'2023-12-16 22:15:08'),
(2649,12,30791451,0,'2023-12-16 22:15:08'),
(2650,12,25413391,0,'2023-12-16 22:15:08'),
(2651,12,37305170,0,'2023-12-16 22:15:08'),
(2652,12,49517791,0,'2023-12-16 22:15:08'),
(2653,12,31121355,0,'2023-12-16 22:15:08'),
(2654,12,16603838,0,'2023-12-16 22:15:08'),
(2655,12,46746330,0,'2023-12-16 22:15:08'),
(2656,12,45370538,0,'2023-12-16 22:15:09'),
(2657,12,38986754,0,'2023-12-16 22:15:09'),
(2658,12,31139616,0,'2023-12-16 22:15:09'),
(2659,12,86772092,0,'2023-12-16 22:15:09'),
(2660,12,47407208,0,'2023-12-16 22:15:09'),
(2661,12,12403749,0,'2023-12-16 22:15:09'),
(2662,12,47830916,0,'2023-12-16 22:15:09'),
(2663,12,82953999,0,'2023-12-16 22:15:09'),
(2664,12,53445240,0,'2023-12-16 22:15:09'),
(2665,12,84210408,0,'2023-12-16 22:15:09'),
(2666,12,40085973,0,'2023-12-16 22:15:09'),
(2667,12,38438527,0,'2023-12-16 22:15:09'),
(2668,12,19414715,0,'2023-12-16 22:15:09'),
(2669,12,50288777,0,'2023-12-16 22:15:09'),
(2670,12,72700485,0,'2023-12-16 22:15:09'),
(2671,12,31471887,0,'2023-12-16 22:15:09'),
(2672,12,55714873,0,'2023-12-16 22:15:09'),
(2673,12,27804756,0,'2023-12-16 22:15:09'),
(2674,12,38041411,0,'2023-12-16 22:15:09'),
(2675,12,16538339,0,'2023-12-16 22:15:09'),
(2676,12,75541557,0,'2023-12-16 22:15:09'),
(2677,12,73231104,0,'2023-12-16 22:15:09'),
(2678,12,23630709,0,'2023-12-16 22:15:09'),
(2679,12,54251201,0,'2023-12-16 22:15:09'),
(2680,12,14878619,0,'2023-12-16 22:15:09'),
(2681,12,14413537,0,'2023-12-16 22:15:09'),
(2682,12,69728907,0,'2023-12-16 22:15:09'),
(2683,12,83947456,0,'2023-12-16 22:15:09'),
(2684,12,48975909,0,'2023-12-16 22:15:09'),
(2685,12,31119890,0,'2023-12-16 22:15:09'),
(2686,12,47966842,0,'2023-12-16 22:15:09'),
(2687,12,90283308,0,'2023-12-16 22:15:09'),
(2688,12,90472551,0,'2023-12-16 22:15:09'),
(2689,12,64092383,0,'2023-12-16 22:15:09'),
(2690,12,69967475,0,'2023-12-16 22:15:09'),
(2691,12,15220772,0,'2023-12-16 22:15:09'),
(2692,12,76975167,0,'2023-12-16 22:15:09'),
(2693,12,21983010,0,'2023-12-16 22:15:09'),
(2694,12,22961503,0,'2023-12-16 22:15:09'),
(2695,12,40784671,0,'2023-12-16 22:15:09'),
(2696,12,89370604,0,'2023-12-16 22:15:09'),
(2697,12,81374123,0,'2023-12-16 22:15:09'),
(2698,12,96885524,0,'2023-12-16 22:15:09'),
(2699,12,19005625,0,'2023-12-16 22:15:09'),
(2700,12,83406280,0,'2023-12-16 22:15:09'),
(2701,12,23906652,0,'2023-12-16 22:15:09'),
(2702,12,24809161,0,'2023-12-16 22:15:09'),
(2703,12,68145781,0,'2023-12-16 22:15:09'),
(2704,12,66017281,0,'2023-12-16 22:15:09'),
(2705,12,13054083,0,'2023-12-16 22:15:09'),
(2706,12,25951780,0,'2023-12-16 22:15:09'),
(2707,12,49857490,0,'2023-12-16 22:15:09'),
(2708,12,81356221,0,'2023-12-16 22:15:09'),
(2709,12,71556271,0,'2023-12-16 22:15:09'),
(2710,12,53891336,0,'2023-12-16 22:15:09'),
(2711,12,32226295,0,'2023-12-16 22:15:09'),
(2712,12,53028771,0,'2023-12-16 22:15:09'),
(2713,12,45840697,0,'2023-12-16 22:15:09'),
(2714,12,21134396,0,'2023-12-16 22:15:09'),
(2715,12,95703182,0,'2023-12-16 22:15:09'),
(2716,12,90068596,0,'2023-12-16 22:15:09'),
(2717,12,18096634,0,'2023-12-16 22:15:09'),
(2718,12,64384549,0,'2023-12-16 22:15:09'),
(2719,12,40794515,0,'2023-12-16 22:15:09'),
(2720,12,49997012,0,'2023-12-16 22:15:09'),
(2721,12,67851573,0,'2023-12-16 22:15:09'),
(2722,12,24186214,0,'2023-12-16 22:15:09'),
(2723,12,60757180,0,'2023-12-16 22:15:09'),
(2724,12,86732618,0,'2023-12-16 22:15:09'),
(2725,12,94299025,0,'2023-12-16 22:15:09'),
(2726,12,71906258,0,'2023-12-16 22:15:09'),
(2727,12,67004655,0,'2023-12-16 22:15:09'),
(2728,12,60632225,0,'2023-12-16 22:15:09'),
(2729,12,80271032,0,'2023-12-16 22:15:09'),
(2730,12,90541165,0,'2023-12-16 22:15:09'),
(2731,12,19615528,0,'2023-12-16 22:15:09'),
(2732,12,13594556,0,'2023-12-16 22:15:09'),
(2733,12,12409601,0,'2023-12-16 22:15:09'),
(2734,12,67186237,0,'2023-12-16 22:15:09'),
(2735,12,35321414,0,'2023-12-16 22:15:09'),
(2736,12,81652618,0,'2023-12-16 22:15:09'),
(2737,12,29748855,0,'2023-12-16 22:15:09'),
(2738,12,37244106,0,'2023-12-16 22:15:09'),
(2739,12,69265316,0,'2023-12-16 22:15:09'),
(2740,12,14066099,0,'2023-12-16 22:15:09'),
(2741,12,81426887,0,'2023-12-16 22:15:09'),
(2742,12,96459904,0,'2023-12-16 22:15:09'),
(2743,12,60894537,0,'2023-12-16 22:15:09'),
(2744,12,87943692,0,'2023-12-16 22:15:09'),
(2745,12,70859482,0,'2023-12-16 22:15:09'),
(2746,12,39363688,0,'2023-12-16 22:15:09'),
(2747,12,53827086,0,'2023-12-16 22:15:09'),
(2748,12,16318847,0,'2023-12-16 22:15:09'),
(2749,12,48964557,0,'2023-12-16 22:15:09'),
(2750,12,85384092,0,'2023-12-16 22:15:09'),
(2751,12,37380268,0,'2023-12-16 22:15:09'),
(2752,12,59461780,0,'2023-12-16 22:15:09'),
(2753,12,77728213,0,'2023-12-16 22:15:09'),
(2754,12,52300745,0,'2023-12-16 22:15:09'),
(2755,12,71389596,0,'2023-12-16 22:15:09'),
(2756,12,91620245,0,'2023-12-16 22:15:09'),
(2757,12,64188334,0,'2023-12-16 22:15:09'),
(2758,12,89188622,0,'2023-12-16 22:15:09'),
(2759,12,23457858,0,'2023-12-16 22:15:09'),
(2760,12,73124967,0,'2023-12-16 22:15:09'),
(2761,12,28477969,0,'2023-12-16 22:15:09'),
(2762,12,26978444,0,'2023-12-16 22:15:09'),
(2763,12,19985157,0,'2023-12-16 22:15:09'),
(2764,12,40750362,0,'2023-12-16 22:15:09'),
(2765,12,99719974,0,'2023-12-16 22:15:09'),
(2766,12,78376743,0,'2023-12-16 22:15:09'),
(2767,12,90304263,0,'2023-12-16 22:15:09'),
(2768,12,26761886,0,'2023-12-16 22:15:09'),
(2769,12,64736797,0,'2023-12-16 22:15:09'),
(2770,12,17192650,0,'2023-12-16 22:15:09'),
(2771,12,74972889,0,'2023-12-16 22:15:09'),
(2772,12,11989057,0,'2023-12-16 22:15:09'),
(2773,12,82943354,0,'2023-12-16 22:15:10'),
(2774,12,12495428,0,'2023-12-16 22:15:10'),
(2775,12,88100101,0,'2023-12-16 22:15:10'),
(2776,12,69731361,0,'2023-12-16 22:15:10'),
(2777,12,55273863,0,'2023-12-16 22:15:10'),
(2778,12,28709460,0,'2023-12-16 22:15:10'),
(2779,12,95441266,0,'2023-12-16 22:15:10'),
(2780,12,26680131,0,'2023-12-16 22:15:10'),
(2781,12,29547144,0,'2023-12-16 22:15:10'),
(2782,12,36931860,0,'2023-12-16 22:15:10'),
(2783,12,54738238,0,'2023-12-16 22:15:10'),
(2784,12,61283017,0,'2023-12-16 22:15:10'),
(2785,12,14428615,0,'2023-12-16 22:15:10'),
(2786,12,50920273,0,'2023-12-16 22:15:10'),
(2787,12,32842005,0,'2023-12-16 22:15:10'),
(2788,12,19419287,0,'2023-12-16 22:15:10'),
(2789,12,81277586,0,'2023-12-16 22:15:10'),
(2790,12,12410531,0,'2023-12-16 22:15:10'),
(2791,12,70782111,0,'2023-12-16 22:15:10'),
(2792,12,23699141,0,'2023-12-16 22:15:10'),
(2793,12,99154411,0,'2023-12-16 22:15:10'),
(2794,12,75289735,0,'2023-12-16 22:15:10'),
(2795,12,94410294,0,'2023-12-16 22:15:10'),
(2796,12,96679969,0,'2023-12-16 22:15:10'),
(2797,12,81914280,0,'2023-12-16 22:15:10'),
(2798,12,55902796,0,'2023-12-16 22:15:10'),
(2799,12,62931730,0,'2023-12-16 22:15:10'),
(2800,12,13690656,0,'2023-12-16 22:15:10'),
(2801,12,62535098,0,'2023-12-16 22:15:10'),
(2802,12,82946336,0,'2023-12-16 22:15:10'),
(2803,12,66954691,0,'2023-12-16 22:15:10'),
(2804,12,87444790,0,'2023-12-16 22:15:10'),
(2805,12,79433172,0,'2023-12-16 22:15:10'),
(2806,12,72394325,0,'2023-12-16 22:15:10'),
(2807,12,46166799,0,'2023-12-16 22:15:10'),
(2808,12,44391602,0,'2023-12-16 22:15:10'),
(2809,12,37671366,0,'2023-12-16 22:15:10'),
(2810,12,93124315,0,'2023-12-16 22:15:10'),
(2811,12,72442245,0,'2023-12-16 22:15:10'),
(2812,12,55737992,0,'2023-12-16 22:15:10'),
(2813,12,20874353,0,'2023-12-16 22:15:10'),
(2814,12,44733565,0,'2023-12-16 22:15:10'),
(2815,12,28156605,0,'2023-12-16 22:15:10'),
(2816,12,77358721,0,'2023-12-16 22:15:10'),
(2817,12,28412256,0,'2023-12-16 22:15:10'),
(2818,12,19167045,0,'2023-12-16 22:15:10'),
(2819,12,14838395,0,'2023-12-16 22:15:10'),
(2820,12,46176255,0,'2023-12-16 22:15:10'),
(2821,12,53642706,0,'2023-12-16 22:15:10'),
(2822,12,24902827,0,'2023-12-16 22:15:10'),
(2823,12,74526694,0,'2023-12-16 22:15:10'),
(2824,12,62089250,0,'2023-12-16 22:15:10'),
(2825,12,74901364,0,'2023-12-16 22:15:10'),
(2826,12,46597511,0,'2023-12-16 22:15:10'),
(2827,12,21421521,0,'2023-12-16 22:15:10'),
(2828,12,20224241,0,'2023-12-16 22:15:10'),
(2829,12,21508609,0,'2023-12-16 22:15:10'),
(2830,12,76248690,0,'2023-12-16 22:15:10'),
(2831,12,54523799,0,'2023-12-16 22:15:10'),
(2832,12,53492434,0,'2023-12-16 22:15:10'),
(2833,12,63256306,0,'2023-12-16 22:15:10'),
(2834,12,25310797,0,'2023-12-16 22:15:10'),
(2835,12,30450626,0,'2023-12-16 22:15:10'),
(2836,12,35702387,0,'2023-12-16 22:15:10'),
(2837,12,96973049,0,'2023-12-16 22:15:10'),
(2838,12,59705809,0,'2023-12-16 22:15:10'),
(2839,12,29554916,0,'2023-12-16 22:15:10'),
(2840,12,55709564,0,'2023-12-16 22:15:10'),
(2841,12,93488276,0,'2023-12-16 22:15:10'),
(2842,12,11349874,0,'2023-12-16 22:15:10'),
(2843,12,13442421,0,'2023-12-16 22:15:10'),
(2844,12,84696172,0,'2023-12-16 22:15:10'),
(2845,12,59712483,0,'2023-12-16 22:15:10'),
(2846,12,19580070,0,'2023-12-16 22:15:10'),
(2847,13,27774523,0,'2023-12-17 11:01:20'),
(2848,13,75876026,0,'2023-12-17 11:01:20'),
(2849,13,75202078,0,'2023-12-17 11:01:20'),
(2850,13,45423928,0,'2023-12-17 11:01:20'),
(2851,13,64920453,0,'2023-12-17 11:01:20'),
(2852,13,26913728,0,'2023-12-17 11:01:20'),
(2853,13,79681380,0,'2023-12-17 11:01:20'),
(2854,13,14152649,0,'2023-12-17 11:01:20'),
(2855,13,79386473,0,'2023-12-17 11:01:20'),
(2856,13,94992672,0,'2023-12-17 11:01:20'),
(2857,13,54621972,0,'2023-12-17 11:01:20'),
(2858,13,80789281,0,'2023-12-17 11:01:20'),
(2859,13,22417067,0,'2023-12-17 11:01:21'),
(2860,13,44219757,0,'2023-12-17 11:01:21'),
(2861,13,91732333,0,'2023-12-17 11:01:21'),
(2862,13,52239523,0,'2023-12-17 11:01:21'),
(2863,13,60560531,0,'2023-12-17 11:01:21'),
(2864,13,41803914,0,'2023-12-17 11:01:21'),
(2865,13,70385370,0,'2023-12-17 11:01:21'),
(2866,13,26279784,0,'2023-12-17 11:01:21'),
(2867,13,49235824,0,'2023-12-17 11:01:21'),
(2868,13,48750991,0,'2023-12-17 11:01:21'),
(2869,13,18316898,0,'2023-12-17 11:01:21'),
(2870,13,81766779,0,'2023-12-17 11:01:21'),
(2871,14,17050541,0,'2023-12-17 11:01:52'),
(2872,14,47785248,0,'2023-12-17 11:01:52'),
(2873,14,74234976,0,'2023-12-17 11:01:52'),
(2874,14,28411314,0,'2023-12-17 11:01:52'),
(2875,14,30802609,0,'2023-12-17 11:01:52'),
(2876,14,99926227,0,'2023-12-17 11:01:52'),
(2877,14,29346751,0,'2023-12-17 11:01:52'),
(2878,14,40235851,0,'2023-12-17 11:01:52'),
(2879,14,84844228,0,'2023-12-17 11:01:52'),
(2880,14,10284577,0,'2023-12-17 11:01:52'),
(2881,14,88414026,0,'2023-12-17 11:01:52'),
(2882,14,87223179,0,'2023-12-17 11:01:52'),
(2883,14,16293976,0,'2023-12-17 11:01:52'),
(2884,14,17073316,0,'2023-12-17 11:01:52'),
(2885,14,22471297,0,'2023-12-17 11:01:52'),
(2886,14,69088341,0,'2023-12-17 11:01:52'),
(2887,14,34002796,0,'2023-12-17 11:01:52'),
(2888,14,10690035,0,'2023-12-17 11:01:52'),
(2889,14,78268565,0,'2023-12-17 11:01:52'),
(2890,14,42162331,0,'2023-12-17 11:01:52'),
(2891,14,13782350,0,'2023-12-17 11:01:52'),
(2892,14,48647684,0,'2023-12-17 11:01:52'),
(2893,14,98186146,0,'2023-12-17 11:01:52'),
(2894,14,51101965,0,'2023-12-17 11:01:52'),
(2895,14,35644801,0,'2023-12-17 11:01:52'),
(2896,14,67285907,0,'2023-12-17 11:01:52'),
(2897,14,75832527,0,'2023-12-17 11:01:52'),
(2898,14,12794466,0,'2023-12-17 11:01:52'),
(2899,14,77570708,0,'2023-12-17 11:01:52'),
(2900,14,64482353,0,'2023-12-17 11:01:52'),
(2901,14,52435369,0,'2023-12-17 11:01:53'),
(2902,14,35696041,0,'2023-12-17 11:01:53'),
(2903,14,62423470,0,'2023-12-17 11:01:53'),
(2904,14,58291288,0,'2023-12-17 11:01:53'),
(2905,14,56220776,0,'2023-12-17 11:01:53'),
(2906,14,70080791,0,'2023-12-17 11:01:53'),
(2907,14,53810368,0,'2023-12-17 11:01:53'),
(2908,14,59773756,0,'2023-12-17 11:01:53'),
(2909,14,58346200,0,'2023-12-17 11:01:53'),
(2910,14,75915594,0,'2023-12-17 11:01:53'),
(2911,14,25224305,0,'2023-12-17 11:01:53'),
(2912,14,26179629,0,'2023-12-17 11:01:53'),
(2913,14,93718222,0,'2023-12-17 11:01:53'),
(2914,14,18353545,0,'2023-12-17 11:01:53'),
(2915,14,34209540,0,'2023-12-17 11:01:53'),
(2916,14,54633354,0,'2023-12-17 11:01:53'),
(2917,14,35249012,0,'2023-12-17 11:01:53'),
(2918,14,94509934,0,'2023-12-17 11:01:53'),
(2919,14,80873044,0,'2023-12-17 11:01:53'),
(2920,14,96676226,0,'2023-12-17 11:01:53');
/*!40000 ALTER TABLE `credential` ENABLE KEYS */;
UNLOCK TABLES;

--
-- Table structure for table `series`
--

DROP TABLE IF EXISTS `series`;
/*!40101 SET @saved_cs_client     = @@character_set_client */;
/*!40101 SET character_set_client = utf8 */;
CREATE TABLE `series` (
  `id` int(11) NOT NULL AUTO_INCREMENT,
  `content` varchar(6) NOT NULL,
  `expo` tinyint(4) NOT NULL DEFAULT 0,
  `useable` tinyint(4) NOT NULL DEFAULT 1,
  PRIMARY KEY (`id`)
) ENGINE=InnoDB AUTO_INCREMENT=15 DEFAULT CHARSET=utf8 COLLATE=utf8_unicode_ci;
/*!40101 SET character_set_client = @saved_cs_client */;

--
-- Dumping data for table `series`
--

LOCK TABLES `series` WRITE;
/*!40000 ALTER TABLE `series` DISABLE KEYS */;
INSERT INTO `series` VALUES
(11,'NDQNSV',1,1),
(12,'ICHQBV',1,1),
(13,'LSXRSF',0,1),
(14,'BCNGAB',0,1);
/*!40000 ALTER TABLE `series` ENABLE KEYS */;
UNLOCK TABLES;

--
-- Table structure for table `wariers`
--

DROP TABLE IF EXISTS `wariers`;
/*!40101 SET @saved_cs_client     = @@character_set_client */;
/*!40101 SET character_set_client = utf8 */;
CREATE TABLE `wariers` (
  `id` int(11) NOT NULL AUTO_INCREMENT,
  `nome` varchar(200) NOT NULL,
  `img` varchar(200) NOT NULL,
  PRIMARY KEY (`id`)
) ENGINE=InnoDB AUTO_INCREMENT=12 DEFAULT CHARSET=utf8 COLLATE=utf8_unicode_ci;
/*!40101 SET character_set_client = @saved_cs_client */;

--
-- Dumping data for table `wariers`
--

LOCK TABLES `wariers` WRITE;
/*!40000 ALTER TABLE `wariers` DISABLE KEYS */;
INSERT INTO `wariers` VALUES
(1,'Afonso','assets/midea/waries/warier-1702945746308.jpeg'),
(2,'32333232323','assets/midea/waries/warier-1702946705356.jpeg'),
(3,'Afffffff','assets/midea/waries/warier-1702946867300.jpeg'),
(4,'ee3e3e3e3','assets/midea/waries/warier-1702946892744.jpeg'),
(5,'ws1sds2  eef ew efff ef','assets/midea/waries/warier-1702947066728.jpeg'),
(6,'1245gedxcd','assets/midea/waries/warier-1702947169791.jpeg'),
(7,'ddwdwdwdw','assets/midea/waries/warier-1702947222432.jpeg'),
(8,'Afonso NZango','assets/midea/waries/warier-1702947470117.jpeg'),
(9,'32333232323','assets/midea/waries/warier-1702947565647.jpeg'),
(10,'1231233131','assets/midea/waries/warier-1702947577296.jpeg'),
(11,'swsswsws','assets/midea/waries/warier-1702947609600.jpeg');
/*!40000 ALTER TABLE `wariers` ENABLE KEYS */;
UNLOCK TABLES;
/*!40103 SET TIME_ZONE=@OLD_TIME_ZONE */;

/*!40101 SET SQL_MODE=@OLD_SQL_MODE */;
/*!40014 SET FOREIGN_KEY_CHECKS=@OLD_FOREIGN_KEY_CHECKS */;
/*!40014 SET UNIQUE_CHECKS=@OLD_UNIQUE_CHECKS */;
/*!40101 SET CHARACTER_SET_CLIENT=@OLD_CHARACTER_SET_CLIENT */;
/*!40101 SET CHARACTER_SET_RESULTS=@OLD_CHARACTER_SET_RESULTS */;
/*!40101 SET COLLATION_CONNECTION=@OLD_COLLATION_CONNECTION */;
/*!40111 SET SQL_NOTES=@OLD_SQL_NOTES */;

-- Dump completed on 2023-12-19  2:03:04
