-- MySQL dump 10.13  Distrib 8.0.35, for Linux (x86_64)
--
-- Host: localhost    Database: voting_appplication
-- ------------------------------------------------------
-- Server version	8.0.35-0ubuntu0.22.04.1

/*!40101 SET @OLD_CHARACTER_SET_CLIENT=@@CHARACTER_SET_CLIENT */;
/*!40101 SET @OLD_CHARACTER_SET_RESULTS=@@CHARACTER_SET_RESULTS */;
/*!40101 SET @OLD_COLLATION_CONNECTION=@@COLLATION_CONNECTION */;
/*!50503 SET NAMES utf8mb4 */;
/*!40103 SET @OLD_TIME_ZONE=@@TIME_ZONE */;
/*!40103 SET TIME_ZONE='+00:00' */;
/*!40014 SET @OLD_UNIQUE_CHECKS=@@UNIQUE_CHECKS, UNIQUE_CHECKS=0 */;
/*!40014 SET @OLD_FOREIGN_KEY_CHECKS=@@FOREIGN_KEY_CHECKS, FOREIGN_KEY_CHECKS=0 */;
/*!40101 SET @OLD_SQL_MODE=@@SQL_MODE, SQL_MODE='NO_AUTO_VALUE_ON_ZERO' */;
/*!40111 SET @OLD_SQL_NOTES=@@SQL_NOTES, SQL_NOTES=0 */;

--
-- Table structure for table `battles`
--

DROP TABLE IF EXISTS `battles`;
/*!40101 SET @saved_cs_client     = @@character_set_client */;
/*!50503 SET character_set_client = utf8mb4 */;
CREATE TABLE `battles` (
  `id` int NOT NULL AUTO_INCREMENT,
  `warier_id1` tinyint NOT NULL,
  `warier_id2` tinyint NOT NULL,
  `warier_votes_1` int DEFAULT NULL,
  `warier_votes_2` int DEFAULT NULL,
  `keySerie_1` tinyint NOT NULL,
  `keySerie_2` tinyint NOT NULL,
  `keySerie_3` tinyint NOT NULL,
  `keySerie_4` tinyint NOT NULL,
  `status` tinyint NOT NULL,
  PRIMARY KEY (`id`)
) ENGINE=InnoDB AUTO_INCREMENT=11 DEFAULT CHARSET=utf8mb3 COLLATE=utf8mb3_unicode_ci;
/*!40101 SET character_set_client = @saved_cs_client */;

--
-- Dumping data for table `battles`
--

LOCK TABLES `battles` WRITE;
/*!40000 ALTER TABLE `battles` DISABLE KEYS */;
INSERT INTO `battles` VALUES (1,38,39,0,0,16,17,0,0,0),(2,38,39,1,0,18,18,0,0,0),(3,38,39,0,0,19,19,0,0,0),(4,38,39,0,0,20,20,0,0,0),(5,38,39,0,0,21,21,0,0,0),(6,38,39,0,0,22,22,0,0,0),(7,38,39,0,0,23,23,0,0,0),(8,38,39,1,3,24,24,0,0,0),(9,38,39,0,1,25,25,0,0,0),(10,38,39,2,0,26,26,0,0,0);
/*!40000 ALTER TABLE `battles` ENABLE KEYS */;
UNLOCK TABLES;

--
-- Table structure for table `credential`
--

DROP TABLE IF EXISTS `credential`;
/*!40101 SET @saved_cs_client     = @@character_set_client */;
/*!50503 SET character_set_client = utf8mb4 */;
CREATE TABLE `credential` (
  `id` int NOT NULL AUTO_INCREMENT,
  `series_id` int DEFAULT NULL,
  `content` int DEFAULT NULL,
  `status` tinyint NOT NULL DEFAULT '1',
  `created_at` timestamp NOT NULL DEFAULT CURRENT_TIMESTAMP,
  PRIMARY KEY (`id`),
  KEY `series_id` (`series_id`),
  CONSTRAINT `credential_ibfk_1` FOREIGN KEY (`series_id`) REFERENCES `series` (`id`)
) ENGINE=InnoDB AUTO_INCREMENT=13163 DEFAULT CHARSET=utf8mb3 COLLATE=utf8mb3_unicode_ci;
/*!40101 SET character_set_client = @saved_cs_client */;

--
-- Dumping data for table `credential`
--

LOCK TABLES `credential` WRITE;
/*!40000 ALTER TABLE `credential` DISABLE KEYS */;
INSERT INTO `credential` VALUES (12992,21,64222532,1,'2024-01-24 22:50:22'),(12993,21,23364910,1,'2024-01-24 22:50:22'),(12994,21,70883634,1,'2024-01-24 22:50:22'),(12995,21,48816949,1,'2024-01-24 22:50:22'),(12996,21,70417095,1,'2024-01-24 22:50:22'),(12997,21,63579746,1,'2024-01-24 22:50:22'),(12998,21,18418886,1,'2024-01-24 22:50:22'),(12999,21,95281087,1,'2024-01-24 22:50:22'),(13000,21,55553150,1,'2024-01-24 22:50:22'),(13001,21,93257737,1,'2024-01-24 22:50:22'),(13002,21,67068586,1,'2024-01-24 22:50:22'),(13003,21,98339333,1,'2024-01-24 22:50:22'),(13004,21,77829435,1,'2024-01-24 22:50:22'),(13005,21,67295542,1,'2024-01-24 22:50:22'),(13006,21,25264915,1,'2024-01-24 22:50:22'),(13007,21,96607847,1,'2024-01-24 22:50:22'),(13008,21,20604754,1,'2024-01-24 22:50:22'),(13009,21,56473138,1,'2024-01-24 22:50:22'),(13010,21,87407149,1,'2024-01-24 22:50:22'),(13011,21,89379436,1,'2024-01-24 22:50:22'),(13012,21,60865279,1,'2024-01-24 22:50:22'),(13013,21,12814007,1,'2024-01-24 22:50:22'),(13014,21,36001782,1,'2024-01-24 22:50:22'),(13015,21,22603082,1,'2024-01-24 22:50:22'),(13016,22,37561159,1,'2024-01-24 23:15:18'),(13017,23,12524463,1,'2024-01-24 23:18:08'),(13018,23,63835952,1,'2024-01-24 23:18:08'),(13019,23,90062152,1,'2024-01-24 23:18:08'),(13020,23,15522351,1,'2024-01-24 23:18:08'),(13021,23,19731236,1,'2024-01-24 23:18:08'),(13022,23,50092741,1,'2024-01-24 23:18:08'),(13023,23,53579052,1,'2024-01-24 23:18:08'),(13024,23,98475592,1,'2024-01-24 23:18:08'),(13025,23,29489614,1,'2024-01-24 23:18:08'),(13026,23,90388970,1,'2024-01-24 23:18:08'),(13027,23,42513625,1,'2024-01-24 23:18:08'),(13028,23,58057173,1,'2024-01-24 23:18:08'),(13029,23,63085596,1,'2024-01-24 23:18:08'),(13030,23,49333655,1,'2024-01-24 23:18:09'),(13031,23,93685834,1,'2024-01-24 23:18:09'),(13032,23,69247166,1,'2024-01-24 23:18:09'),(13033,23,15806610,1,'2024-01-24 23:18:09'),(13034,23,68132236,1,'2024-01-24 23:18:09'),(13035,23,61292023,1,'2024-01-24 23:18:09'),(13036,23,20109880,1,'2024-01-24 23:18:09'),(13037,23,98110463,1,'2024-01-24 23:18:09'),(13038,23,42520311,1,'2024-01-24 23:18:09'),(13039,23,20159872,1,'2024-01-24 23:18:09'),(13040,23,42963877,1,'2024-01-24 23:18:09'),(13041,24,47178320,0,'2024-01-24 23:18:44'),(13042,24,19179178,0,'2024-01-24 23:18:44'),(13043,24,49359068,0,'2024-01-24 23:18:44'),(13044,24,14901902,0,'2024-01-24 23:18:44'),(13045,24,62780240,1,'2024-01-24 23:18:44'),(13046,24,52990498,1,'2024-01-24 23:18:44'),(13047,24,81935205,1,'2024-01-24 23:18:44'),(13048,24,98729923,1,'2024-01-24 23:18:44'),(13049,24,48618052,1,'2024-01-24 23:18:44'),(13050,24,15163537,1,'2024-01-24 23:18:44'),(13051,24,64740763,1,'2024-01-24 23:18:44'),(13052,24,29034303,1,'2024-01-24 23:18:44'),(13053,24,13346996,1,'2024-01-24 23:18:44'),(13054,24,18690788,1,'2024-01-24 23:18:44'),(13055,24,42677613,1,'2024-01-24 23:18:44'),(13056,24,39205115,1,'2024-01-24 23:18:44'),(13057,24,23835908,1,'2024-01-24 23:18:45'),(13058,24,90588660,1,'2024-01-24 23:18:45'),(13059,24,51215582,1,'2024-01-24 23:18:45'),(13060,24,61670525,1,'2024-01-24 23:18:45'),(13061,24,97844781,1,'2024-01-24 23:18:45'),(13062,24,69650201,1,'2024-01-24 23:18:45'),(13063,24,77582918,1,'2024-01-24 23:18:45'),(13064,24,83981705,1,'2024-01-24 23:18:45'),(13065,24,51013351,1,'2024-01-24 23:18:45'),(13066,24,27801076,1,'2024-01-24 23:18:45'),(13067,24,16388778,1,'2024-01-24 23:18:45'),(13068,24,86041322,1,'2024-01-24 23:18:45'),(13069,24,80172907,1,'2024-01-24 23:18:45'),(13070,24,95565631,1,'2024-01-24 23:18:45'),(13071,24,76768374,1,'2024-01-24 23:18:45'),(13072,24,81703778,1,'2024-01-24 23:18:45'),(13073,24,13211130,1,'2024-01-24 23:18:45'),(13074,24,57436976,1,'2024-01-24 23:18:45'),(13075,24,93358618,1,'2024-01-24 23:18:45'),(13076,24,32424815,1,'2024-01-24 23:18:45'),(13077,24,49290647,1,'2024-01-24 23:18:45'),(13078,24,37490326,1,'2024-01-24 23:18:45'),(13079,24,30396752,1,'2024-01-24 23:18:45'),(13080,24,85716846,1,'2024-01-24 23:18:45'),(13081,24,45295859,1,'2024-01-24 23:18:45'),(13082,24,12609764,1,'2024-01-24 23:18:45'),(13083,24,74272024,1,'2024-01-24 23:18:45'),(13084,24,57548648,1,'2024-01-24 23:18:45'),(13085,24,43663583,1,'2024-01-24 23:18:45'),(13086,24,48744624,1,'2024-01-24 23:18:45'),(13087,24,22862244,1,'2024-01-24 23:18:45'),(13088,24,78756137,1,'2024-01-24 23:18:45'),(13089,24,82039286,1,'2024-01-24 23:18:45'),(13090,24,47320249,1,'2024-01-24 23:18:45'),(13091,24,34856995,1,'2024-01-24 23:18:45'),(13092,24,25706543,1,'2024-01-24 23:18:45'),(13093,24,83748492,1,'2024-01-24 23:18:45'),(13094,24,56220936,1,'2024-01-24 23:18:45'),(13095,24,10208325,1,'2024-01-24 23:18:45'),(13096,24,29233184,1,'2024-01-24 23:18:45'),(13097,24,55779790,1,'2024-01-24 23:18:45'),(13098,24,45207070,1,'2024-01-24 23:18:45'),(13099,24,13875458,1,'2024-01-24 23:18:45'),(13100,24,21903732,1,'2024-01-24 23:18:45'),(13101,24,42603038,1,'2024-01-24 23:18:45'),(13102,24,92041741,1,'2024-01-24 23:18:45'),(13103,24,89699838,1,'2024-01-24 23:18:45'),(13104,24,38505008,1,'2024-01-24 23:18:45'),(13105,24,15180480,1,'2024-01-24 23:18:45'),(13106,24,58481569,1,'2024-01-24 23:18:45'),(13107,24,72511072,1,'2024-01-24 23:18:45'),(13108,24,53195401,1,'2024-01-24 23:18:45'),(13109,24,42382862,1,'2024-01-24 23:18:45'),(13110,24,92597015,1,'2024-01-24 23:18:45'),(13111,24,51512771,1,'2024-01-24 23:18:45'),(13112,24,29798990,1,'2024-01-24 23:18:45'),(13113,24,44250523,1,'2024-01-24 23:18:45'),(13114,24,48464242,1,'2024-01-24 23:18:45'),(13115,24,22504556,1,'2024-01-24 23:18:45'),(13116,24,96014438,1,'2024-01-24 23:18:45'),(13117,24,26909181,1,'2024-01-24 23:18:45'),(13118,24,99523524,1,'2024-01-24 23:18:45'),(13119,24,59158757,1,'2024-01-24 23:18:45'),(13120,24,76664929,1,'2024-01-24 23:18:45'),(13121,24,44796515,1,'2024-01-24 23:18:46'),(13122,24,67257711,1,'2024-01-24 23:18:46'),(13123,24,20347982,1,'2024-01-24 23:18:46'),(13124,24,47401857,1,'2024-01-24 23:18:46'),(13125,24,38073707,1,'2024-01-24 23:18:46'),(13126,24,14021845,1,'2024-01-24 23:18:46'),(13127,24,75785853,1,'2024-01-24 23:18:46'),(13128,24,78648515,1,'2024-01-24 23:18:46'),(13129,24,32243369,1,'2024-01-24 23:18:46'),(13130,24,36394199,1,'2024-01-24 23:18:46'),(13131,24,43557140,1,'2024-01-24 23:18:46'),(13132,24,24356397,1,'2024-01-24 23:18:46'),(13133,24,23973958,1,'2024-01-24 23:18:46'),(13134,24,32860781,1,'2024-01-24 23:18:46'),(13135,24,90695025,1,'2024-01-24 23:18:46'),(13136,24,27402178,1,'2024-01-24 23:18:46'),(13137,24,78246591,1,'2024-01-24 23:18:46'),(13138,24,72234009,1,'2024-01-24 23:18:46'),(13139,24,95563642,1,'2024-01-24 23:18:46'),(13140,24,35769763,1,'2024-01-24 23:18:46'),(13141,25,47374986,0,'2024-01-24 23:22:54'),(13142,25,64485149,1,'2024-01-24 23:22:54'),(13143,25,17345249,1,'2024-01-24 23:22:54'),(13144,25,20939020,1,'2024-01-24 23:22:54'),(13145,25,50845156,1,'2024-01-24 23:22:54'),(13146,25,16658588,1,'2024-01-24 23:22:54'),(13147,25,70215568,1,'2024-01-24 23:22:54'),(13148,25,43229392,1,'2024-01-24 23:22:54'),(13149,25,88879830,1,'2024-01-24 23:22:54'),(13150,25,21912619,1,'2024-01-24 23:22:54'),(13151,25,83136394,1,'2024-01-24 23:22:54'),(13152,25,44760909,1,'2024-01-24 23:22:54'),(13153,25,78007596,1,'2024-01-24 23:22:54'),(13154,25,41367103,1,'2024-01-24 23:22:54'),(13155,25,56278556,1,'2024-01-24 23:22:54'),(13156,25,40082922,1,'2024-01-24 23:22:54'),(13157,25,43514389,1,'2024-01-24 23:22:54'),(13158,25,29714216,1,'2024-01-24 23:22:54'),(13159,25,12748549,1,'2024-01-24 23:22:54'),(13160,25,53866125,1,'2024-01-24 23:22:54'),(13161,26,23988237,0,'2024-01-24 23:25:48'),(13162,26,82939417,0,'2024-01-24 23:25:48');
/*!40000 ALTER TABLE `credential` ENABLE KEYS */;
UNLOCK TABLES;

--
-- Table structure for table `key_relations`
--

DROP TABLE IF EXISTS `key_relations`;
/*!40101 SET @saved_cs_client     = @@character_set_client */;
/*!50503 SET character_set_client = utf8mb4 */;
CREATE TABLE `key_relations` (
  `id` int NOT NULL AUTO_INCREMENT,
  `series_id` int NOT NULL,
  `voting_id` int NOT NULL,
  PRIMARY KEY (`id`)
) ENGINE=InnoDB DEFAULT CHARSET=utf8mb3 COLLATE=utf8mb3_unicode_ci;
/*!40101 SET character_set_client = @saved_cs_client */;

--
-- Dumping data for table `key_relations`
--

LOCK TABLES `key_relations` WRITE;
/*!40000 ALTER TABLE `key_relations` DISABLE KEYS */;
/*!40000 ALTER TABLE `key_relations` ENABLE KEYS */;
UNLOCK TABLES;

--
-- Table structure for table `series`
--

DROP TABLE IF EXISTS `series`;
/*!40101 SET @saved_cs_client     = @@character_set_client */;
/*!50503 SET character_set_client = utf8mb4 */;
CREATE TABLE `series` (
  `id` int NOT NULL AUTO_INCREMENT,
  `content` varchar(6) COLLATE utf8mb3_unicode_ci NOT NULL,
  `expo` tinyint NOT NULL DEFAULT '0',
  `useable` tinyint NOT NULL DEFAULT '1',
  PRIMARY KEY (`id`)
) ENGINE=InnoDB AUTO_INCREMENT=27 DEFAULT CHARSET=utf8mb3 COLLATE=utf8mb3_unicode_ci;
/*!40101 SET character_set_client = @saved_cs_client */;

--
-- Dumping data for table `series`
--

LOCK TABLES `series` WRITE;
/*!40000 ALTER TABLE `series` DISABLE KEYS */;
INSERT INTO `series` VALUES (21,'NLTWOG',0,0),(22,'GBYXJK',0,0),(23,'NIRUYX',0,0),(24,'FTELXD',1,0),(25,'MJVFIB',0,0),(26,'KSQZON',0,0);
/*!40000 ALTER TABLE `series` ENABLE KEYS */;
UNLOCK TABLES;

--
-- Table structure for table `set_votes`
--

DROP TABLE IF EXISTS `set_votes`;
/*!40101 SET @saved_cs_client     = @@character_set_client */;
/*!50503 SET character_set_client = utf8mb4 */;
CREATE TABLE `set_votes` (
  `id` int NOT NULL AUTO_INCREMENT,
  `battle_id` int NOT NULL,
  `key_id` int NOT NULL,
  `warier_selected` int NOT NULL,
  PRIMARY KEY (`id`)
) ENGINE=InnoDB AUTO_INCREMENT=9 DEFAULT CHARSET=utf16 COLLATE=utf16_unicode_ci;
/*!40101 SET character_set_client = @saved_cs_client */;

--
-- Dumping data for table `set_votes`
--

LOCK TABLES `set_votes` WRITE;
/*!40000 ALTER TABLE `set_votes` DISABLE KEYS */;
INSERT INTO `set_votes` VALUES (1,2,12957,38),(2,8,13041,39),(3,8,13042,39),(4,8,13043,39),(5,8,13044,38),(6,9,13141,39),(7,10,13161,38),(8,10,13162,38);
/*!40000 ALTER TABLE `set_votes` ENABLE KEYS */;
UNLOCK TABLES;

--
-- Table structure for table `votes`
--

DROP TABLE IF EXISTS `votes`;
/*!40101 SET @saved_cs_client     = @@character_set_client */;
/*!50503 SET character_set_client = utf8mb4 */;
CREATE TABLE `votes` (
  `id` int NOT NULL,
  `key_id` int NOT NULL,
  `position` int NOT NULL
) ENGINE=InnoDB DEFAULT CHARSET=utf8mb3 COLLATE=utf8mb3_unicode_ci;
/*!40101 SET character_set_client = @saved_cs_client */;

--
-- Dumping data for table `votes`
--

LOCK TABLES `votes` WRITE;
/*!40000 ALTER TABLE `votes` DISABLE KEYS */;
/*!40000 ALTER TABLE `votes` ENABLE KEYS */;
UNLOCK TABLES;

--
-- Table structure for table `wariers`
--

DROP TABLE IF EXISTS `wariers`;
/*!40101 SET @saved_cs_client     = @@character_set_client */;
/*!50503 SET character_set_client = utf8mb4 */;
CREATE TABLE `wariers` (
  `id` int NOT NULL AUTO_INCREMENT,
  `nome` varchar(200) CHARACTER SET utf8mb3 COLLATE utf8mb3_unicode_ci NOT NULL,
  `img` varchar(200) CHARACTER SET utf8mb3 COLLATE utf8mb3_unicode_ci NOT NULL,
  PRIMARY KEY (`id`)
) ENGINE=InnoDB AUTO_INCREMENT=40 DEFAULT CHARSET=utf8mb3 COLLATE=utf8mb3_unicode_ci;
/*!40101 SET character_set_client = @saved_cs_client */;

--
-- Dumping data for table `wariers`
--

LOCK TABLES `wariers` WRITE;
/*!40000 ALTER TABLE `wariers` DISABLE KEYS */;
INSERT INTO `wariers` VALUES (38,'Afonso Nzango','/midea/waries/warier-1706049950056.jpeg'),(39,'Edvanio','/midea/waries/warier-1706050048760.jpeg');
/*!40000 ALTER TABLE `wariers` ENABLE KEYS */;
UNLOCK TABLES;
/*!40103 SET TIME_ZONE=@OLD_TIME_ZONE */;

/*!40101 SET SQL_MODE=@OLD_SQL_MODE */;
/*!40014 SET FOREIGN_KEY_CHECKS=@OLD_FOREIGN_KEY_CHECKS */;
/*!40014 SET UNIQUE_CHECKS=@OLD_UNIQUE_CHECKS */;
/*!40101 SET CHARACTER_SET_CLIENT=@OLD_CHARACTER_SET_CLIENT */;
/*!40101 SET CHARACTER_SET_RESULTS=@OLD_CHARACTER_SET_RESULTS */;
/*!40101 SET COLLATION_CONNECTION=@OLD_COLLATION_CONNECTION */;
/*!40111 SET SQL_NOTES=@OLD_SQL_NOTES */;

-- Dump completed on 2024-01-25 16:44:11
